MSE,SSIM,PixelCorr,PSNR,FID_like,CLIP_like
0.1697194836342192,0.4847583589285984,0.6250138350159089,9.300992110972762,0.028346971502685312,0.732288396959165
