MSE,SSIM,PixelCorr,PSNR,FID_like,CLIP_like
0.057218862980519945,0.27658456552690186,0.6344356714794375,12.476878511180496,0.015461245900256021,0.7011033506343651
