MSE,SSIM,PixelCorr,PSNR,FID_like,CLIP_like
0.046850251301391796,0.5552645384993645,0.7321915197507699,13.45350410268367,0.008296519971889306,0.7749407685014325
