MSE,SSIM,PixelCorr,PSNR,FID_like,CLIP_like
0.045152162348564395,0.4985379104100547,0.7521805665547217,13.571126582923196,0.016477410829595328,0.793547186237981
