MSE,SSIM,PixelCorr,PSNR,FID_like,CLIP_like
0.004352830545027245,0.9656866406169738,0.9872959672481807,45.45590449649922,0.00025310594821577933,0.9899882429374611
